<?xml version="1.0" encoding="UTF-8"?>

<!--
    Document   : hibernate.cfg..xml
    Created on : May 3, 2005
    Author     : rajputs
    Description: Hibernate configuration file.
-->

<!DOCTYPE hibernate-configuration
    PUBLIC "-//Hibernate/Hibernate Configuration DTD//EN"
    "http://hibernate.sourceforge.net/hibernate-configuration-3.0.dtd">

<hibernate-configuration>
    <session-factory>
    	<property name="dialect">org.hibernate.dialect.Oracle9Dialect</property>
    	
        <!-- Mapping files -->
        <mapping resource="gov/nih/nci/camod/domain/GeneticAlteration.hbm.xml"/>
        <mapping resource="gov/nih/nci/camod/domain/Organization.hbm.xml"/>
        <mapping resource="gov/nih/nci/camod/domain/TumorCode.hbm.xml"/>
        <mapping resource="gov/nih/nci/camod/domain/AbstractCancerModel.hbm.xml"/>
        <mapping resource="gov/nih/nci/camod/domain/Xenograft.hbm.xml"/>
        <mapping resource="gov/nih/nci/camod/domain/YeastModel.hbm.xml"/>
        <mapping resource="gov/nih/nci/camod/domain/AnimalModel.hbm.xml"/>
        <mapping resource="gov/nih/nci/camod/domain/Party.hbm.xml"/>
        <mapping resource="gov/nih/nci/camod/domain/Person.hbm.xml"/>
        <mapping resource="gov/nih/nci/camod/domain/ContactInfo.hbm.xml"/>
        <mapping resource="gov/nih/nci/camod/domain/RegulatoryElementType.hbm.xml"/>
        <mapping resource="gov/nih/nci/camod/domain/RegulatoryElement.hbm.xml"/>
        <mapping resource="gov/nih/nci/camod/domain/Role.hbm.xml"/>
        <mapping resource="gov/nih/nci/camod/domain/EndpointCode.hbm.xml"/>
        <mapping resource="gov/nih/nci/camod/domain/InvivoResult.hbm.xml"/>
        <mapping resource="gov/nih/nci/camod/domain/Treatment.hbm.xml"/>
        <mapping resource="gov/nih/nci/camod/domain/Therapy.hbm.xml"/>
        <mapping resource="gov/nih/nci/camod/domain/MicroArrayData.hbm.xml"/>
        <mapping resource="gov/nih/nci/camod/domain/PublicationStatus.hbm.xml"/>
        <mapping resource="gov/nih/nci/camod/domain/Image.hbm.xml"/>
        <mapping resource="gov/nih/nci/camod/domain/ScreeningResult.hbm.xml"/>
        <mapping resource="gov/nih/nci/camod/domain/Publication.hbm.xml"/>
        <mapping resource="gov/nih/nci/camod/domain/Availability.hbm.xml"/>
        <mapping resource="gov/nih/nci/camod/domain/CellLine.hbm.xml"/>
        <mapping resource="gov/nih/nci/camod/domain/Nomenclature.hbm.xml"/>
        <mapping resource="gov/nih/nci/camod/domain/GenotypeSummary.hbm.xml"/>
        <mapping resource="gov/nih/nci/camod/domain/GeneFunction.hbm.xml"/>
        <mapping resource="gov/nih/nci/camod/domain/GeneDelivery.hbm.xml"/>
        <mapping resource="gov/nih/nci/camod/domain/EngineeredGene.hbm.xml"/>
        <mapping resource="gov/nih/nci/camod/domain/Transgene.hbm.xml"/>
        <mapping resource="gov/nih/nci/camod/domain/Conditionality.hbm.xml"/>
        <mapping resource="gov/nih/nci/camod/domain/InducedMutation.hbm.xml"/>
        <mapping resource="gov/nih/nci/camod/domain/TargetedModification.hbm.xml"/>
        <mapping resource="gov/nih/nci/camod/domain/EnvironmentalFactor.hbm.xml"/>
        <mapping resource="gov/nih/nci/camod/domain/SegmentType.hbm.xml"/>
        <mapping resource="gov/nih/nci/camod/domain/GenomicSegment.hbm.xml"/>
        <mapping resource="gov/nih/nci/camod/domain/SexDistribution.hbm.xml"/>
        <mapping resource="gov/nih/nci/camod/domain/Phenotype.hbm.xml"/>
        <mapping resource="gov/nih/nci/camod/domain/RepositoryInfo.hbm.xml"/>        
        <mapping resource="gov/nih/nci/camod/domain/Taxon.hbm.xml"/>
        <mapping resource="gov/nih/nci/camod/domain/Agent.hbm.xml"/>
        <mapping resource="gov/nih/nci/camod/domain/Disease.hbm.xml"/>
        <mapping resource="gov/nih/nci/camod/domain/ClinicalMarker.hbm.xml"/>
        <mapping resource="gov/nih/nci/camod/domain/Histopathology.hbm.xml"/>
        <mapping resource="gov/nih/nci/camod/domain/MutationIdentifier.hbm.xml"/>
        <mapping resource="gov/nih/nci/camod/domain/Organ.hbm.xml"/>
        <mapping resource="gov/nih/nci/camod/domain/ExpressionLevelDesc.hbm.xml"/>
        <mapping resource="gov/nih/nci/camod/domain/AgentTarget.hbm.xml"/>
        <mapping resource="gov/nih/nci/camod/domain/BiologicalProcess.hbm.xml"/>
        <mapping resource="gov/nih/nci/camod/domain/ChemicalClass.hbm.xml"/>
        <mapping resource="gov/nih/nci/camod/domain/AnimalAvailability.hbm.xml"/>
        <mapping resource="gov/nih/nci/camod/domain/AnimalDistributor.hbm.xml"/>
        <mapping resource="gov/nih/nci/camod/domain/ModelSection.hbm.xml"/>
        <mapping resource="gov/nih/nci/camod/domain/Comments.hbm.xml"/>        
        <mapping resource="gov/nih/nci/camod/domain/Log.hbm.xml"/>     
        <mapping resource="gov/nih/nci/camod/domain/SpontaneousMutation.hbm.xml"/>
        <mapping resource="gov/nih/nci/camod/domain/ModificationType.hbm.xml"/>
    </session-factory>
</hibernate-configuration>
