<?xml version="1.0" encoding="UTF-8"?>

<!--
    Document   : InvivoResult.hbm.xml
    Created on : May 4, 2005
    Author     : rajputs
    Description: Hibernate mapping file for InvivoResult
-->

<!DOCTYPE hibernate-mapping PUBLIC 
	"-//Hibernate/Hibernate Mapping DTD 3.0//EN"
	"http://hibernate.sourceforge.net/hibernate-mapping-3.0.dtd">

<hibernate-mapping package="gov.nih.nci.camod.domain">
	<class name="InvivoResult"
		table="invivo_result"
        lazy="true">
	    
	    <!-- id -->
	    <id name="id" 
	    	column="invivo_result_id"
	    	type="long"    	
	    	unsaved-value="null">	    	
	        <generator class="native"/>
	    </id>	
	    
        <!-- evaluationDay -->
        <property name="evaluationDay" 
        	column="evaluationDay" 
        	type="string"/>
        	
        <!-- toxicitySurvivors -->
        <property name="toxicitySurvivors" 
        	column="toxicitySurvivors" 
        	type="string"/>	
        
        <!-- toxicityEvalDay -->
        <property name="toxicityEvalDay" 
        	column="toxicityEvalDay" 
        	type="string"/>
        
        <!-- percentTreatedControl -->
        <property name="percentTreatedControl" 
        	column="percent_treated_control" 
        	type="float"/>
        
        <!-- endpointCode (many-to-one unidirectional) -->
        <many-to-one
        	name="endpointCode"
        	column="endpoint_code_id"
        	class="EndpointCode"/>        	
        
        <!-- treatment (many-to-one unidirectional) -->
        <many-to-one
        	name="treatment"
        	column="treatment_id"
        	class="Treatment"/>
        	
        <!-- agent (many-to-one unidirectional) -->
        <many-to-one
        	name="agent"
        	column="agent_id"
        	class="Agent"/>
	</class>
</hibernate-mapping>