<?xml version="1.0" encoding="UTF-8"?>

<!--
    Document   : Treatment.hbm.xml
    Created on : May 4, 2005
    Author     : rajputs
    Description: Hibernate mapping file for Treatment
-->

<!DOCTYPE hibernate-mapping PUBLIC 
	"-//Hibernate/Hibernate Mapping DTD 3.0//EN"
	"http://hibernate.sourceforge.net/hibernate-mapping-3.0.dtd">

<hibernate-mapping package="gov.nih.nci.camod.domain">
	<class name="Treatment" 
    	table="treatment"
        lazy="true">

	    <!-- id -->
	    <id name="id" 
	    	column="treatment_id"
	    	type="long"    	
	    	unsaved-value="null">	    	
	        <generator class="native"/>
	    </id>	    
	    
	    <!-- regimen -->
        <property name="regimen" 
        	column="regimen" 
        	type="string"/>
        	
        <!-- dosage -->
        <property name="dosage" 
        	column="dosage" 
        	type="string"/>
        	
        <!-- administrativeRoute -->
        <property name="administrativeRoute" 
        	column="administrative_route" 
        	type="string"/>	
        
        <!-- ageAtTreatment -->
        <property name="ageAtTreatment" 
        	column="age_at_treatment" 
        	type="string"/>	
        	
        <!-- sexDistribution: this is really a one-to-one relationship with unique=true -->
        <!-- (one-to-one unidirectional) -->
        <many-to-one name="sexDistribution"
        	class="SexDistribution"
        	column="sex_distribution_id"
        	cascade="all"
        	unique="true"/>
	</class>
</hibernate-mapping>