<ns1:ServiceMetadata xmlns:ns1="gme://caGrid.caBIG/1.0/gov.nih.nci.cagrid.metadata">
 <ns1:serviceDescription>
  <ns2:Service description="" name="CAMOD" version="1.4" xmlns:ns2="gme://caGrid.caBIG/1.0/gov.nih.nci.cagrid.metadata.service">
   <ns2:pointOfContactCollection>
    <ns3:PointOfContact affiliation="" email="" firstName="" lastName="" phoneNumber="" role="" xmlns:ns3="gme://caGrid.caBIG/1.0/gov.nih.nci.cagrid.metadata.common"/>
   </ns2:pointOfContactCollection>
   <ns2:serviceContextCollection>
    <ns2:ServiceContext description="" name="CAMOD">
     <ns2:operationCollection>
      <ns2:Operation description="" name="GetMultipleResourceProperties">
       <ns2:inputParameterCollection/>
       <ns2:faultCollection/>
      </ns2:Operation>
      <ns2:Operation description="" name="GetResourceProperty">
       <ns2:inputParameterCollection/>
       <ns2:faultCollection/>
      </ns2:Operation>
      <ns2:Operation description="" name="QueryResourceProperties">
       <ns2:inputParameterCollection/>
       <ns2:faultCollection/>
      </ns2:Operation>
      <ns2:Operation description="" name="getServiceSecurityMetadata">
       <ns2:inputParameterCollection/>
       <ns2:Output qName="ns4:ServiceSecurityMetadata" dimensionality="1" isArray="false" xmlns:ns4="gme://caGrid.caBIG/1.0/gov.nih.nci.cagrid.metadata.security">
        <ns5:UMLClass className="ServiceSecurityMetadata" description="An instance of the Security Service Metadata." id="CB38900E-DFCA-E26B-E040-BB89AD434A14" packageName="gov.nih.nci.cagrid.metadata.security" projectName="caGrid_Metadata_Models" projectVersion="1" xmlns:ns5="gme://caGrid.caBIG/1.0/gov.nih.nci.cagrid.metadata.common">
         <ns5:umlAttributeCollection/>
         <ns5:SemanticMetadata conceptCode="C80736" conceptDefinition="A software system providing a public need." conceptName="Software Service" order="2"/>
         <ns5:SemanticMetadata conceptCode="C25669" conceptDefinition="Security; freedom from anxiety or fear." conceptName="Security" order="1"/>
         <ns5:SemanticMetadata conceptCode="C52095" conceptDefinition="Data about data; information that describes another set of data." conceptName="Metadata" order="0"/>
        </ns5:UMLClass>
       </ns2:Output>
       <ns2:faultCollection/>
      </ns2:Operation>
      <ns2:Operation description="The standard caGrid Data Service query method." name="query">
       <ns2:inputParameterCollection>
        <ns2:InputParameter qName="ns6:CQLQuery" dimensionality="1" index="0" isArray="false" isRequired="false" name="cqlQuery" xmlns:ns6="http://CQL.caBIG/1/gov.nih.nci.cagrid.CQLQuery"/>
       </ns2:inputParameterCollection>
       <ns2:Output qName="ns7:CQLQueryResultCollection" dimensionality="1" isArray="false" xmlns:ns7="http://CQL.caBIG/1/gov.nih.nci.cagrid.CQLResultSet"/>
       <ns2:faultCollection>
        <ns2:Fault description="Thrown when an error occurs in processing a CQL query" name="QueryProcessingException"/>
        <ns2:Fault description="Thrown when a query is found to be improperly formed" name="MalformedQueryException"/>
       </ns2:faultCollection>
      </ns2:Operation>
      <ns2:Operation description="The standard caGrid Data Service query method." name="executeQuery">
       <ns2:inputParameterCollection>
        <ns2:InputParameter qName="ns8:CQLQuery" dimensionality="1" index="0" isArray="false" isRequired="false" name="query" xmlns:ns8="http://CQL.caBIG/2/org.cagrid.cql2"/>
       </ns2:inputParameterCollection>
       <ns2:Output qName="ns9:CQLQueryResults" dimensionality="1" isArray="false" xmlns:ns9="http://CQL.caBIG/2/org.cagrid.cql2.results"/>
       <ns2:faultCollection>
        <ns2:Fault description="Thrown when an error occurs in processing a CQL query" name="QueryProcessingException"/>
        <ns2:Fault description="Thrown when a query is found to be improperly formed" name="MalformedQueryException"/>
       </ns2:faultCollection>
      </ns2:Operation>
     </ns2:operationCollection>
     <ns2:contextPropertyCollection>
      <ns2:ContextProperty description="" name="{gme://caGrid.caBIG/1.0/gov.nih.nci.cagrid.metadata.dataservice}DomainModel"/>
      <ns2:ContextProperty description="" name="{gme://caGrid.caBIG/1.0/gov.nih.nci.cagrid.metadata}ServiceMetadata"/>
      <ns2:ContextProperty description="Describes the level of support for CQL versions" name="{http://org.cagrid.dataservice.cql/QueryLanguageSupport}QueryLanguageSupport"/>
     </ns2:contextPropertyCollection>
    </ns2:ServiceContext>
   </ns2:serviceContextCollection>
   <ns10:SemanticMetadata conceptCode="C63541" conceptDefinition="A service available on a system that coordinates resources that are not subject to central control, using open, general purpose protocols and interfaces to deliver nontrivial qualities of services." conceptName="Grid Service" order="0" xmlns:ns10="gme://caGrid.caBIG/1.0/gov.nih.nci.cagrid.metadata.common"/>
   <ns11:SemanticMetadata conceptCode="C63544" conceptDefinition="A web service which accepts as input a query targeted at a data resource addressable by the system and returns information to the client in the form of one or more data objects." conceptName="Data Grid Service" order="1" xmlns:ns11="gme://caGrid.caBIG/1.0/gov.nih.nci.cagrid.metadata.common"/>
  </ns2:Service>
 </ns1:serviceDescription>
 <ns1:hostingResearchCenter>
  <ns12:ResearchCenter displayName="" shortName="" xmlns:ns12="gme://caGrid.caBIG/1.0/gov.nih.nci.cagrid.metadata.common">
   <ns12:Address country="" locality="" postalCode="" stateProvince="" street1="" street2=""/>
   <ns12:pointOfContactCollection>
    <ns12:PointOfContact affiliation="" email="" firstName="" lastName="" phoneNumber="" role=""/>
   </ns12:pointOfContactCollection>
  </ns12:ResearchCenter>
 </ns1:hostingResearchCenter>
</ns1:ServiceMetadata>
